{"cameraMode":{"drawMode":0,"name":"Shaded","section":"Shading Mode"},"sceneLighting":true,"audioPlay":false,"sceneViewState":{"m_AlwaysRefresh":false,"showFog":true,"showSkybox":true,"showFlares":true,"showImageEffects":true,"showParticleSystems":true,"showVisualEffectGraphs":true,"m_FxEnabled":true},"in2DMode":false,"pivot":{"x":1.6023883819580079,"y":-0.4324922561645508,"z":0.9284124374389648},"rotation":{"x":-0.23052990436553956,"y":0.5391937494277954,"z":-0.15639661252498628,"w":-0.7947757840156555},"size":14.200002670288086,"orthographic":false}