{"cameraMode":{"drawMode":0,"name":"Shaded","section":"Shading Mode"},"sceneLighting":true,"audioPlay":false,"sceneViewState":{"m_AlwaysRefresh":false,"showFog":true,"showSkybox":true,"showFlares":true,"showImageEffects":true,"showParticleSystems":true,"showVisualEffectGraphs":true,"m_FxEnabled":true},"in2DMode":false,"pivot":{"x":1.4041128158569337,"y":-0.40752124786376955,"z":1.4550293684005738},"rotation":{"x":-0.24579499661922456,"y":0.6386990547180176,"z":-0.2265135496854782,"w":-0.6930667757987976},"size":9.699999809265137,"orthographic":false}