{"cameraMode":{"drawMode":0,"name":"Shaded","section":"Shading Mode"},"sceneLighting":false,"audioPlay":false,"sceneViewState":{"m_AlwaysRefresh":false,"showFog":true,"showSkybox":false,"showFlares":true,"showImageEffects":true,"showParticleSystems":true,"showVisualEffectGraphs":true,"m_FxEnabled":true},"in2DMode":false,"pivot":{"x":-5.420000076293945,"y":0.442280650138855,"z":0.9581599235534668},"rotation":{"x":0.2034228891134262,"y":0.27055734395980837,"z":-0.058603715151548389,"w":0.9391397833824158},"size":1.2380090951919556,"orthographic":false}